<?xml version="1.0" encoding="UTF-8"?>
<cdtprojectproperties>
<section name="org.eclipse.cdt.internal.ui.wizards.settingswizards.IncludePaths">
<language name="holder for library settings">

</language>
<language name="Assembly">
<includepath>${IDF_PATH}/components/vfs/include</includepath>
<includepath>${IDF_PATH}/components/spi_flash/include</includepath>
<includepath>${IDF_PATH}/components/json/include</includepath>
<includepath>${IDF_PATH}/components/mbedtls/include</includepath>
<includepath>${IDF_PATH}/components/bt/include</includepath>
<includepath>${IDF_PATH}/components/bt/bluedroid/bta/include</includepath>
<includepath>${IDF_PATH}/components/bt/bluedroid/bta/sys/include</includepath>
<includepath>${IDF_PATH}/components/bt/bluedroid/btcore/include</includepath>
<includepath>${IDF_PATH}/components/bt/bluedroid/device/include</includepath>
<includepath>${IDF_PATH}/components/bt/bluedroid/gki/include</includepath>
<includepath>${IDF_PATH}/components/bt/bluedroid/hci/include</includepath>
<includepath>${IDF_PATH}/components/bt/bluedroid/osi/include</includepath>
<includepath>${IDF_PATH}/components/bt/bluedroid/btc/profile/esp/blufi/include</includepath>
<includepath>${IDF_PATH}/components/bt/bluedroid/btc/profile/esp/include</includepath>
<includepath>${IDF_PATH}/components/bt/bluedroid/btc/profile/std/sdp/include</includepath>
<includepath>${IDF_PATH}/components/bt/bluedroid/btc/profile/std/include</includepath>
<includepath>${IDF_PATH}/components/bt/bluedroid/stack/include</includepath>
<includepath>${IDF_PATH}/components/bt/bluedroid/stack/l2cap/include</includepath>
<includepath>${IDF_PATH}/components/bt/bluedroid/stack/sdp/include</includepath>
<includepath>${IDF_PATH}/components/bt/bluedroid/stack/smp/include</includepath>
<includepath>${IDF_PATH}/components/bt/bluedroid/api/include</includepath>
<includepath>${IDF_PATH}/components/bt/bluedroid/btc/include</includepath>
<includepath>${IDF_PATH}/components/mdns/include</includepath>
<includepath>${IDF_PATH}/components/soc/esp32/include</includepath>
<includepath>${IDF_PATH}/components/aws_iot/include</includepath>
<includepath>${IDF_PATH}/components/aws_iot/aws-iot-device-sdk-embedded-C/include</includepath>
<includepath>${IDF_PATH}/components/fatfs/src</includepath>
<includepath>${IDF_PATH}/components/wear_levelling/include</includepath>

</language>
<language name="GNU C++">
<includepath>/opt/xtensa-esp32-elf/xtensa-esp32-elf/include/c++/5.2.0</includepath>
<includepath>/opt/xtensa-esp32-elf/lib/gcc/xtensa-esp32-elf/5.2.0/include</includepath>
<includepath>${IDF_PATH}/components/esp32/include</includepath>
<includepath>${IDF_PATH}/components/newlib/include</includepath>
<includepath>${IDF_PATH}/components/freertos/include</includepath>
<includepath>${IDF_PATH}/components/nvs_flash/include</includepath>
<includepath>${IDF_PATH}/components/driver/include</includepath>
<includepath>${IDF_PATH}/components/log/include</includepath>
<includepath>${IDF_PATH}/components/tcpip_adapter/include</includepath>
<includepath>${IDF_PATH}/components/lwip/include/lwip</includepath>
<includepath>${IDF_PATH}/components/vfs/include</includepath>
<includepath>${IDF_PATH}/components/spi_flash/include</includepath>
<includepath>${IDF_PATH}/components/mbedtls/include</includepath>
<includepath>${IDF_PATH}/components/mdns/include</includepath>
<includepath>${IDF_PATH}/components/bt/include</includepath>
<includepath>${IDF_PATH}/components/bt/bluedroid/bta/include</includepath>
<includepath>${IDF_PATH}/components/bt/bluedroid/bta/sys/include</includepath>
<includepath>${IDF_PATH}/components/bt/bluedroid/btcore/include</includepath>
<includepath>${IDF_PATH}/components/bt/bluedroid/device/include</includepath>
<includepath>${IDF_PATH}/components/bt/bluedroid/gki/include</includepath>
<includepath>${IDF_PATH}/components/bt/bluedroid/hci/include</includepath>
<includepath>${IDF_PATH}/components/bt/bluedroid/osi/include</includepath>
<includepath>${IDF_PATH}/components/bt/bluedroid/btc/profile/esp/blufi/include</includepath>
<includepath>${IDF_PATH}/components/bt/bluedroid/btc/profile/esp/include</includepath>
<includepath>${IDF_PATH}/components/bt/bluedroid/btc/profile/std/sdp/include</includepath>
<includepath>${IDF_PATH}/components/bt/bluedroid/btc/profile/std/include</includepath>
<includepath>${IDF_PATH}/components/bt/bluedroid/stack/include</includepath>
<includepath>${IDF_PATH}/components/bt/bluedroid/stack/l2cap/include</includepath>
<includepath>${IDF_PATH}/components/bt/bluedroid/stack/sdp/include</includepath>
<includepath>${IDF_PATH}/components/bt/bluedroid/stack/smp/include</includepath>
<includepath>${IDF_PATH}/components/bt/bluedroid/api/include</includepath>
<includepath>${IDF_PATH}/components/bt/bluedroid/btc/include</includepath>
<includepath>${IDF_PATH}/components/soc/esp32/include</includepath>
<includepath>${IDF_PATH}/components/aws_iot/include</includepath>
<includepath>${IDF_PATH}/components/aws_iot/aws-iot-device-sdk-embedded-C/include</includepath>
<includepath>${IDF_PATH}/components/fatfs/src</includepath>
<includepath>${IDF_PATH}/components/wear_levelling/include</includepath>
<includepath>${IDF_PATH}/components/console</includepath>

</language>
<language name="GNU C">
<includepath>/opt/xtensa-esp32-elf/xtensa-esp32-elf/include/c++/5.2.0</includepath>
<includepath>${IDF_PATH}/components/esp32/include</includepath>
<includepath>${IDF_PATH}/components/newlib/include</includepath>
<includepath>${IDF_PATH}/components/freertos/include</includepath>
<includepath>${IDF_PATH}/components/nvs_flash/include</includepath>
<includepath>${IDF_PATH}/components/driver/include</includepath>
<includepath>${IDF_PATH}/components/log/include</includepath>
<includepath>${IDF_PATH}/components/tcpip_adapter/include</includepath>
<includepath>${IDF_PATH}/components/lwip/include/lwip</includepath>
<includepath>${IDF_PATH}/components/vfs/include</includepath>
<includepath>${IDF_PATH}/components/json/include</includepath>
<includepath>${IDF_PATH}/components/spi_flash/include</includepath>
<includepath>${IDF_PATH}/components/mbedtls/include</includepath>
<includepath>${IDF_PATH}/components/bt/include</includepath>
<includepath>${IDF_PATH}/components/bt/bluedroid/bta/include</includepath>
<includepath>${IDF_PATH}/components/bt/bluedroid/bta/sys/include</includepath>
<includepath>${IDF_PATH}/components/bt/bluedroid/btcore/include</includepath>
<includepath>${IDF_PATH}/components/bt/bluedroid/device/include</includepath>
<includepath>${IDF_PATH}/components/bt/bluedroid/gki/include</includepath>
<includepath>${IDF_PATH}/components/bt/bluedroid/hci/include</includepath>
<includepath>${IDF_PATH}/components/bt/bluedroid/osi/include</includepath>
<includepath>${IDF_PATH}/components/bt/bluedroid/btc/profile/esp/blufi/include</includepath>
<includepath>${IDF_PATH}/components/bt/bluedroid/btc/profile/esp/include</includepath>
<includepath>${IDF_PATH}/components/bt/bluedroid/btc/profile/std/sdp/include</includepath>
<includepath>${IDF_PATH}/components/bt/bluedroid/btc/profile/std/include</includepath>
<includepath>${IDF_PATH}/components/bt/bluedroid/stack/include</includepath>
<includepath>${IDF_PATH}/components/bt/bluedroid/stack/l2cap/include</includepath>
<includepath>${IDF_PATH}/components/bt/bluedroid/stack/sdp/include</includepath>
<includepath>${IDF_PATH}/components/bt/bluedroid/stack/smp/include</includepath>
<includepath>${IDF_PATH}/components/bt/bluedroid/api/include</includepath>
<includepath>${IDF_PATH}/components/bt/bluedroid/include</includepath>
<includepath>/opt/xtensa-esp32-elf/lib/gcc/xtensa-esp32-elf/5.2.0/include</includepath>
<includepath>${IDF_PATH}/components/bt/bluedroid/btc/include</includepath>
<includepath>${IDF_PATH}/components/mdns/include</includepath>
<includepath>${IDF_PATH}/components/soc/esp32/include</includepath>
<includepath>${IDF_PATH}/components/aws_iot/include</includepath>
<includepath>${IDF_PATH}/components/aws_iot/aws-iot-device-sdk-embedded-C/include</includepath>
<includepath>${IDF_PATH}/components/fatfs/src</includepath>
<includepath>${IDF_PATH}/components/wear_levelling/include</includepath>

</language>
</section>
<section name="org.eclipse.cdt.internal.ui.wizards.settingswizards.Macros">
<language name="holder for library settings">

</language>
<language name="Assembly">
<macro>
<name>ESP_PLATFORM</name><value>1</value>
</macro>
<macro>
<name>PLATFORM_ID</name><value>11</value>
</macro>
<macro>
<name>DEBUG_BUILD</name><value>1</value>
</macro>

</language>
<language name="GNU C++">
<macro>
<name>ESP_PLATFORM</name><value>1</value>
</macro>
<macro>
<name>PLATFORM_ID</name><value>11</value>
</macro>
<macro>
<name>DEBUG_BUILD</name><value>1</value>
</macro>

</language>
<language name="GNU C">
<macro>
<name>ESP_PLATFORM</name><value>1</value>
</macro>
<macro>
<name>PLATFORM_ID</name><value>11</value>
</macro>
<macro>
<name>DEBUG_BUILD</name><value>1</value>
</macro>

</language>
</section>
</cdtprojectproperties>
