{
    // See https://go.microsoft.com/fwlink/?LinkId=733558
    // for the documentation about the tasks.json format
    "version": "2.0.0",
    "tasks": [
        {
            "label": "menuconfig",
            "type": "shell",
            "command": "make menuconfig",
            "problemMatcher": []
        },
        {
            "label": "make",
            "type": "shell",
            "command": "make -j5",
            "group": {
                "kind": "build",
                "isDefault": true
            },
            "problemMatcher": []
        },
        {
            "label": "flash",
            "type": "shell",
            "command": "make flash monitor",
            "problemMatcher": []
        },
        {
            "label": "monitor",
            "type": "shell",
            "command": "make monitor",
            "problemMatcher": []
        },
        {
            "label": "clean",
            "type": "shell",
            "command": "make clean",
            "problemMatcher": []
        }
    ]
}